Diet,HF/CD,CD,HF
HMDB01227,-2.821592612,24535.559,3470.659
HMDB01032,-1.518647774,5504.96,1921.302
HMDB01919,-1.406538146,9629.375,3632.352
HMDB01229,-1.136071896,19046.73,8666.2
HMDB00048,-1.131506611,250598.1,114382.7
HMDB08836,-1.128352908,11648.717,5328.562
HMDB03533,-1.123361352,2761.641,1267.657
HMDB08835,-1.057855902,112887.1,54224.8
HMDB06791,-1.030276384,6354.745,3111.387
HMDB08835,-1.003729204,47045.39,23461.97
HMDB08836,-0.987143772,5760.533,2906.048
HMDB00048,-0.965586887,29946,15334.45
HMDB12085,-0.954135232,4694.418,2423.028
HMDB07941,-0.946038089,55780.27,28953.08
HMDB00174,-0.940286099,23075.53,12025.34
HMDB00151,-0.903761105,3067.104,1639.341
HMDB01097,-0.90362224,2223.03,1188.305
HMDB00048,-0.889153345,17837.207,9630.859
HMDB60652,-0.872519744,4751.563,2595.266
HMDB07951,-0.871791482,6476.489,3539.193
HMDB12315,-0.865600737,4061.098,2228.803
HMDB08845,-0.855725233,27590.22,15246.01
HMDB00064,-0.839646727,1792.035,1001.354
HMDB03681,-0.837217736,21264.79,11902.37
HMDB09111,-0.81101989,21284.81,12131.89
HMDB10355,-0.803717829,2965.172,1698.661
HMDB07935,-0.785787138,4891.829,2837.434
HMDB07940,-0.749234951,278127.8,165463.5
HMDB00714,-0.747783884,6691.723,3985.039
HMDB09111,-0.743548859,11294.94,6746.11
HMDB07885,-0.715106154,14905.285,9079.708
HMDB08062,-0.706053418,10198.44,6251.59
HMDB07940,-0.702882014,114582.19,70392.85
HMDB00048,-0.69202346,8107.672,5018.528
HMDB08845,-0.681803565,14043.951,8754.795
HMDB01227,-0.680941469,6800.622,4241.943
HMDB07918,-0.675893195,37290.89,23342.03
HMDB00951,-0.675702736,301217.1,188570.1
HMDB09144,-0.657782278,3432.084,2175.433
HMDB09611,-0.656988841,290677.9,184348.1
HMDB10166,-0.655815741,39198.13,24879.7
HMDB09611,-0.652262908,701206.3,446164.6
HMDB02596,-0.650894815,2276.85,1450.092
HMDB03464,-0.643969108,2263.91,1448.789
HMDB00279,-0.643315309,4502.571,2882.726
HMDB01231,-0.63950939,1931.411,1239.833
HMDB10323,-0.635341313,3520.633,2266.543
HMDB01513,-0.633956238,6543.259,4216.521
HMDB00450,-0.632730921,700.9035,452.0508
HMDB10405,-0.630015173,1618.103,1045.569
HMDB10382,-0.62992366,50445.04,32598.12
HMDB09611,-0.627422543,123151.42,79719.84
HMDB09611,-0.626104685,283660.2,183790.1
HMDB07892,-0.623010748,2827.057,1835.649
HMDB00951,-0.618488555,1123242.3,731627.2
HMDB00951,-0.603371708,3252.092,2140.572
HMDB00951,-0.602786702,69750.37,45929.28
HMDB08845,-0.59783716,2932.972,1937.943
HMDB06709,-0.589522196,2702.856,1796.218
HMDB00684,-0.586350555,4717.867,3142.22
HMDB10386,-0.583645915,3306.665,2206.456
HMDB02972,-0.582520862,1819.821,1215.269
HMDB12311,-0.580565809,3157.228,2111.243
HMDB12312,-0.578105642,2363.498,1583.172
HMDB00036,-0.577688491,2052.054,1374.951
HMDB08824,-0.572746814,1758.158,1182.072
HMDB10386,-0.571368728,1994.979,1342.577
HMDB07874,-0.570528369,5456.831,3674.467
HMDB03193,-0.566133139,3131.446,2115.056
HMDB06709,-0.565614161,2704.424,1827.292
HMDB06866,-0.562446856,5568.509,3770.731
HMDB00951,-0.562171342,5912.051,4004.126
HMDB10387,-0.561235846,25958.5,17592.63
HMDB07880,-0.557329171,4027.416,2736.867
HMDB10163,-0.545726998,11397.081,7807.526
HMDB09578,-0.545238846,34497.01,23640.04
HMDB02829,-0.539231416,2771.073,1906.879
HMDB08847,-0.538321223,2503.459,1723.811
HMDB08836,-0.538321223,2503.459,1723.811
HMDB01278,-0.535832604,2010.682,1386.889
HMDB00225,-0.53225039,4654.389,3218.395
HMDB10355,-0.531242378,1837.055,1271.166
HMDB10383,-0.524697063,2171.525,1509.438
HMDB08880,-0.524459325,2258.81,1570.369
HMDB00036,-0.523762145,42738.55,29727.04
HMDB09710,-0.518724233,196717.2,137306.4
HMDB10168,-0.516855901,1948.296,1361.651
HMDB08255,-0.516286899,11627.877,8129.851
HMDB04866,-0.516286899,11627.877,8129.851
HMDB00039,-0.51621659,1539.896,1076.7
HMDB08687,-0.515091911,3547.411,2482.295
HMDB08838,-0.513663231,1561.432,1093.692
HMDB07868,-0.507678654,1255.4636,883.0344
HMDB03235,-0.500539853,5504.241,3890.63
HMDB00564,-0.499866769,4277.543,3024.959
HMDB00095,-0.496581908,19829.41,14054.77
HMDB60416,-0.493222798,3282.725,2332.167
HMDB60601,-0.489294177,2312.468,1647.341
HMDB08873,-0.488978887,2554.785,1820.359
HMDB09137,-0.488292337,4770.168,3400.502
HMDB03873,-0.486920176,7991.492,5702.303
HMDB00036,-0.485686742,87830.29,62724.62
HMDB00292,-0.481250163,6030.551,4320.025
HMDB00036,-0.477463892,201411.2,144661.4
HMDB01513,-0.475902875,4128.462,2968.433
HMDB10407,-0.474700311,2089.119,1503.364
HMDB02513,-0.474194264,1663.006,1197.146
HMDB08255,-0.473108532,6226.79,4485.846
HMDB00564,-0.472278247,2181.538,1572.508
HMDB08825,-0.466847077,1467.236,1061.61
HMDB00036,-0.466674637,25702.16,18598.87
HMDB00962,-0.464728889,2447.951,1773.803
HMDB08753,-0.464498018,9404.948,6815.984
HMDB12311,-0.461282451,3390.788,2462.866
HMDB04195,-0.460858165,8799.297,6393.164
HMDB08847,-0.458583961,3444.005,2506.203
HMDB07860,-0.457834984,14842.2,10806.28
HMDB10381,-0.457731803,6418.074,4673.193
HMDB08829,-0.456141786,1494.509,1089.397
HMDB03553,-0.455781654,38844.68,28322.24
HMDB04031,-0.453507564,5652.864,4128.09
HMDB09578,-0.451381109,88675.88,64852.43
HMDB08748,-0.449234049,5380.927,3941.161
HMDB01416,-0.448393286,10571.872,7747.687
HMDB10318,-0.444777736,26672.76,19596.41
HMDB01511,-0.442929112,3355.354,2468.331
HMDB00763,-0.442929112,3355.354,2468.331
HMDB09050,-0.441743131,3221.313,2371.674
HMDB08896,-0.440260584,6444.04,4749.267
HMDB07866,-0.440260584,6444.04,4749.267
HMDB00619,-0.43781897,114130.93,84257.14
HMDB02434,-0.434419722,6352.669,4700.92
HMDB08858,-0.434133051,1484.671,1098.862
HMDB02434,-0.433031316,6361.054,4711.657
HMDB09605,-0.430382717,8380.744,6219.056
HMDB00653,-0.429836304,110341.16,81911.32
HMDB00138,-0.429836304,110341.16,81911.32
HMDB07961,-0.429401723,3549.535,2635.777
HMDB09116,-0.429401723,3549.535,2635.777
HMDB09408,-0.428663884,8397.81,6239.149
HMDB09203,-0.428648026,3656.297,2716.474
HMDB34934,-0.428574738,3144.987,2336.711
HMDB10165,-0.425261365,5162.858,3844.8
HMDB07860,-0.424760286,6418.464,4781.515
HMDB02190,-0.422935369,2847.062,2123.639
HMDB02513,-0.420683794,1898.074,1417.995
HMDB60499,-0.420423707,2857.661,2135.259
HMDB07890,-0.414740267,33131.6,24853.82
HMDB08189,-0.412661728,10022.153,7529.003
HMDB29225,-0.409605906,1996.824,1503.267
HMDB07910,-0.408381012,6653.136,5012.928
HMDB12316,-0.408084752,4128.554,3111.374
HMDB07874,-0.406934174,2812.851,2121.521
HMDB10381,-0.403088369,3044.203,2302.141
HMDB02972,-0.403088369,3044.203,2302.141
HMDB08832,-0.398540716,1109.9889,842.0656
HMDB08518,-0.398182603,4966.457,3768.615
HMDB03213,-0.397883389,30088.16,22836.04
HMDB07943,-0.396139587,298043.7,226480.1
HMDB03553,-0.394291379,11037.807,8398.259
HMDB05779,-0.392651783,30716.77,23397.83
HMDB10405,-0.391524694,885.9842,675.4066
HMDB12316,-0.387008903,3980.244,3043.746
HMDB08588,-0.387008903,3980.244,3043.746
HMDB00619,-0.383901066,28548.76,21878.7
HMDB01049,-0.382788073,1906.366,1462.095
HMDB00653,-0.378277475,32129.42,24718.95
HMDB03080,-0.376821858,1990.201,1532.718
HMDB02596,-0.376130628,1949.214,1501.872
HMDB07943,-0.374811111,124415.75,95950.22
HMDB13040,-0.374646588,8215.109,6336.267
HMDB00482,-0.374540959,1605.525,1238.423
HMDB60351,-0.374290505,2437.767,1880.7
HMDB01345,-0.37346834,5255.786,4057.07
HMDB06547,-0.370078191,6267.986,4849.795
HMDB09705,-0.366456957,24398.07,18925.22
HMDB07881,-0.366107114,2086.953,1619.211
HMDB00036,-0.365640809,8416.541,6532.28
HMDB01198,-0.365062383,5554.741,4312.897
HMDB04833,-0.364716405,5269.214,4092.185
HMDB10382,-0.362926996,10150.403,7892.805
HMDB04953,-0.361969466,14244.54,11083.7
HMDB00593,-0.358392427,3661.622,2856.187
HMDB09195,-0.358117076,3441.163,2684.734
HMDB00939,-0.355553268,48017.64,37529.14
HMDB09147,-0.354296031,4512.003,3529.52
HMDB01473,-0.35315099,7678.138,6011.002
HMDB07901,-0.352933044,2003.508,1568.728
HMDB08847,-0.349616341,1690.696,1326.846
HMDB07852,-0.349283636,1324.378,1039.602
HMDB00674,-0.349171658,1193.4066,936.8656
HMDB09342,-0.348260105,11104.96,8723.289
HMDB12312,-0.34746378,2973.821,2337.318
HMDB08836,-0.347274058,2259.783,1776.343
HMDB03141,-0.345548465,1692.459,1331.98
HMDB06834,-0.344537481,2423.941,1909
HMDB00299,-0.343250711,36846.26,29044.55
HMDB00619,-0.341966164,5020.782,3961.223
HMDB01032,-0.341020612,1781.316,1406.318
HMDB04953,-0.336986711,6618.448,5239.78
HMDB06738,-0.336686157,1489.801,1179.711
HMDB05175,-0.336054171,3232.509,2560.81
HMDB00939,-0.335469633,9245.009,7326.911
HMDB00854,-0.333221338,2429.937,1928.792
HMDB01852,-0.330414635,4133.31,3287.254
HMDB10318,-0.329372821,2551.098,2030.374
HMDB03553,-0.328754559,3565.726,2839.115
HMDB08984,-0.328706232,2232.13,1777.334
HMDB60409,-0.328559335,1654.427,1317.472
HMDB07910,-0.328494554,14982.89,11931.88
HMDB06273,-0.326305113,4751.396,3789.602
HMDB03213,-0.324435756,6401.193,5112.061
HMDB08653,-0.324193532,6309.714,5039.851
HMDB06280,-0.32256579,1175.0459,939.6213
HMDB02065,-0.322162489,3979.524,3183.102
HMDB08855,-0.320869469,996.5902,797.8574
HMDB09639,-0.319029646,7431.612,5957.246
HMDB01178,-0.314212415,9300.544,7480.334
HMDB02757,-0.313689252,1399.669,1126.148
HMDB10386,-0.311672101,8661.117,6978.326
HMDB07940,-0.310782037,10764.617,8678.484
HMDB00855,-0.308944848,6292.37,5079.402
HMDB03337,-0.308122342,29193.68,23579.51
HMDB09116,-0.306996474,28602,23119.65
HMDB08682,-0.306411328,5801.941,4691.744
HMDB59616,-0.306411328,5801.941,4691.744
HMDB00653,-0.305701055,8537.231,6907.038
HMDB08255,-0.30492184,16769.22,13574.45
HMDB08682,-0.304037148,3611.017,2924.861
HMDB10381,-0.30401385,6851.908,5550.016
HMDB13040,-0.300587053,2382.782,1934.633
HMDB01178,-0.300258083,53506.76,43453.22
HMDB09314,-0.299394389,25981.16,21112.12
HMDB06547,-0.299052561,1373.519,1116.377
HMDB07852,-0.29714159,3265.498,2657.669
HMDB08255,-0.295538997,9232.405,7522.267
HMDB08023,-0.295538997,9232.405,7522.267
HMDB00619,-0.295059416,2174.753,1772.508
HMDB02513,-0.294994109,1661.831,1354.518
HMDB07890,-0.29321132,17255.82,14082.19
HMDB00674,-0.293186375,1286.079,1049.566
HMDB06406,-0.292411313,1701.616,1389.431
HMDB06406,-0.292323935,1664.237,1358.992
HMDB07894,-0.289965134,2090.267,1709.675
HMDB03219,-0.289450467,3662.679,2996.854
HMDB04086,-0.28811081,3312.896,2713.175
HMDB12314,-0.287604051,10451.006,8562.107
HMDB08095,-0.287604051,10451.006,8562.107
HMDB04953,-0.287023732,3643.956,2986.554
HMDB12312,-0.284836177,2484.774,2039.589
HMDB04953,-0.284125359,1833.72,1505.923
HMDB04031,-0.283381881,5303.595,4357.766
HMDB13122,-0.283170641,1897.821,1559.597
HMDB05779,-0.283005575,13860.76,11391.84
HMDB08979,-0.28221431,23544.44,19361.25
HMDB10386,-0.28042825,3308.065,2723.684
HMDB00124,-0.278017812,165751.7,136699.3
HMDB00192,-0.278017812,165751.7,136699.3
HMDB01517,-0.277451269,5472.902,4515.403
HMDB00296,-0.274827655,23302.15,19260.37
HMDB12318,-0.27383183,3595.767,2974.13
HMDB08979,-0.273616594,11995,9922.782
HMDB06591,-0.273003464,3827.304,3167.457
HMDB00153,-0.27286473,2376.78,1967.2
HMDB08647,-0.26943571,3862.065,3204.139
HMDB08260,-0.269243788,9213.446,7644.897
HMDB00821,-0.267409288,3801.451,3158.284
HMDB03141,-0.267327359,2623.093,2179.416
HMDB09509,-0.262474169,1363.021,1136.292
HMDB07963,-0.261680715,1340.084,1117.785
HMDB07868,-0.261037767,1305.055,1089.052
HMDB09050,-0.25965273,2694.707,2250.859
HMDB60656,-0.258457763,1519.203,1270.025
HMDB00127,-0.258376622,6646.408,5556.584
HMDB08649,-0.257592723,3383.479,2830.221
HMDB09314,-0.25750277,2606.051,2180.052
HMDB00564,-0.25750277,2606.051,2180.052
HMDB08520,-0.255680712,2791.473,2338.115
HMDB09149,-0.255542621,31159.63,26101.55
HMDB08951,-0.255123885,17542.42,14699.06
HMDB00126,-0.254329045,7328.639,6144.162
HMDB02666,-0.254129063,6791.688,5694.784
HMDB01054,-0.254121181,1607.829,1348.161
HMDB01032,-0.253825546,2147.853,1801.339
HMDB08621,-0.252568187,4827.628,4052.315
HMDB04956,-0.251307025,2413.498,2027.664
HMDB07883,-0.251215135,11082.81,9311.649
HMDB01178,-0.250986717,10397.498,8737.241
HMDB00126,-0.25057276,320581.7,269469
HMDB03224,-0.25057276,320581.7,269469
HMDB06738,-0.246134401,1638.707,1381.68
HMDB07959,-0.245275063,2455.434,2071.539
HMDB07960,-0.24452428,7622.655,6434.238
HMDB01128,-0.243183554,2949.65,2492.097
HMDB01319,-0.243183554,2949.65,2492.097
HMDB01066,-0.243148919,6380.301,5390.711
HMDB09147,-0.242363089,1711.725,1447.023
HMDB07883,-0.241233581,5368.578,4541.933
HMDB08898,-0.240156517,3068.866,2598.266
HMDB08855,-0.239541618,955.7389,809.5246
HMDB10384,-0.237742705,2254.872,1912.292
HMDB01514,-0.237062115,1638.984,1390.631
HMDB11690,-0.237062115,1638.984,1390.631
HMDB00048,-0.236401303,2720.003,2308.902
HMDB10397,-0.235981375,1689.756,1434.784
HMDB60521,-0.235867505,1415.103,1201.669
HMDB60656,-0.235841699,1062.0601,901.8902
HMDB02596,-0.231319279,1951.845,1662.69
HMDB04259,-0.230097175,20741.13,17683.42
HMDB01178,-0.22994006,16771.23,14300.33
HMDB07935,-0.229531612,3897.701,3324.395
HMDB01457,-0.228614733,1497.823,1278.323
HMDB03213,-0.228349176,1866.528,1593.289
HMDB07877,-0.228089414,30639.75,26159.14
HMDB08650,-0.227344856,1079.519,922.1311
HMDB01533,-0.2272757,1426.017,1218.17
HMDB01285,-0.226193952,3760.772,3215.036
HMDB00122,-0.224588597,153746.9,131582.6
HMDB00241,-0.224465051,1800.633,1541.184
HMDB00063,-0.220203325,7821.883,6714.652
HMDB01054,-0.219656848,1869.294,1605.293
HMDB60499,-0.219393851,1426.984,1225.674
HMDB08090,-0.218902365,4488.138,3856.293
HMDB14900,-0.21851302,1394.06,1198.126
HMDB60486,-0.218498858,3880.234,3334.903
HMDB07885,-0.218457158,4966.733,4268.828
HMDB01520,-0.217770174,1396.837,1201.131
HMDB10405,-0.217364383,1753.574,1508.311
HMDB00125,-0.215967631,457379.1,393789
HMDB10404,-0.21515024,1789.495,1541.572
HMDB10404,-0.212343167,1345.698,1161.518
HMDB00259,-0.212306632,2021.734,1745.072
HMDB08951,-0.212096651,1555.22,1342.593
HMDB01085,-0.211416965,1669.5,1441.928
HMDB10382,-0.211104828,3976.71,3435.382
HMDB03235,-0.210493413,2613.54,2258.73
HMDB03337,-0.209556306,145628.4,125939.9
HMDB07892,-0.208371796,7962.672,6891.8
HMDB03213,-0.208045787,2037.435,1763.826
HMDB09212,-0.207933138,30991.04,26831.32
HMDB01490,-0.207589199,3953.666,3423.808
HMDB01565,-0.207589199,3953.666,3423.808
HMDB00895,-0.207589199,3953.666,3423.808
HMDB01314,-0.207495594,66665.3,57734.77
HMDB03974,-0.206437197,6732.88,5835.218
HMDB00126,-0.205956085,11833.71,10259.4
HMDB00996,-0.205956085,11833.71,10259.4
HMDB00288,-0.205563831,10715.699,9292.651
HMDB01059,-0.205449472,3555.56,3083.625
HMDB10381,-0.203746304,25535.45,22172.25
HMDB00904,-0.202872223,1318.767,1145.77
HMDB06738,-0.201330965,821.8418,714.7951
HMDB00939,-0.199533384,3429.546,2986.559
HMDB01206,-0.199218282,5681.56,4948.766
HMDB01517,-0.198118298,10423.71,9086.21
HMDB03337,-0.197879786,35267.31,30747.13
HMDB00037,-0.197705078,3186.598,2778.511
HMDB01999,-0.19749854,7489.884,6531.638
HMDB00241,-0.196906761,1924.222,1678.728
HMDB12843,-0.19544135,5052.066,4411.998
HMDB07951,-0.195397325,175643.1,153394.8
HMDB00828,-0.194265746,3492.123,3052.177
HMDB01265,-0.194003301,7321.199,6400.021
HMDB03391,-0.193690027,3038.106,2656.418
HMDB01059,-0.193548104,3624.771,3169.69
HMDB08457,-0.192887522,12480.36,10918.48
HMDB08684,-0.192858286,2000.163,1749.884
HMDB00101,-0.19118028,8904.277,7799.157
HMDB00288,-0.190548618,200471.9,175668
HMDB01198,-0.18767845,1319.566,1158.602
HMDB01202,-0.187612856,24645.2,21639.9
HMDB09047,-0.186196293,7337.37,6448.961
HMDB09314,-0.186108496,6077.014,5341.534
HMDB07962,-0.186108496,6077.014,5341.534
HMDB04956,-0.184734157,1097.989,966.023
HMDB10381,-0.183992385,85849.96,75570.6
HMDB10400,-0.18357963,1360.905,1198.298
HMDB00629,-0.18223181,4286.598,3777.944
HMDB14900,-0.182012076,1391.79,1226.825
HMDB13070,-0.181501096,4996.508,4405.846
HMDB60486,-0.179296638,2221.859,1962.198
HMDB00291,-0.178765715,1329.475,1174.536
HMDB00150,-0.178765715,1329.475,1174.536
HMDB10404,-0.178739386,1460.506,1290.32
HMDB00290,-0.178675021,33077.98,29224.86
HMDB01999,-0.176930173,33990.04,30067.02
HMDB00150,-0.176213269,4575.199,4049.156
HMDB00291,-0.176213269,4575.199,4049.156
HMDB00036,-0.176171943,9052000,8011457
HMDB00638,-0.175813797,77765.15,68843
HMDB06878,-0.175702634,20814.77,18428.07
HMDB11155,-0.175215986,2130.834,1887.141
HMDB01919,-0.174959439,4075.255,3609.83
HMDB03647,-0.174164053,2473.991,2192.651
HMDB10381,-0.174004484,5469.62,4848.156
HMDB00285,-0.173999798,5072.375,4496.061
HMDB07951,-0.173646183,458035.2,406093.6
HMDB00124,-0.173475896,14409.04,12776.55
HMDB00192,-0.173475896,14409.04,12776.55
HMDB11627,-0.17108688,4774.674,4240.738
HMDB60394,-0.17106809,34800.48,30909.26
HMDB00095,-0.17106809,34800.48,30909.26
HMDB01253,-0.170892103,1532.19,1361.034
HMDB07849,-0.169751963,7541.785,6704.613
HMDB10350,-0.168841219,5094.623,4531.957
HMDB03426,-0.168841219,5094.623,4531.957
HMDB08255,-0.168093178,19080.62,16982.1
HMDB08023,-0.168093178,19080.62,16982.1
HMDB06765,-0.167746114,1965.853,1750.066
HMDB04029,-0.167601754,2489.375,2216.344
HMDB01157,-0.166067538,1347.359,1200.859
HMDB06503,-0.166067538,1347.359,1200.859
HMDB04063,-0.165339534,6136.051,5471.631
HMDB08856,-0.165133375,808.3987,720.9672
HMDB01337,-0.165093383,6211.291,5539.669
HMDB08856,-0.164576404,1170.527,1044.333
HMDB03213,-0.164061232,2559.956,2284.784
HMDB12315,-0.163375977,12800.41,11429.91
HMDB08326,-0.163375977,12800.41,11429.91
HMDB00285,-0.163087313,2950.335,2634.979
HMDB01830,-0.162573506,665.2975,594.3967
HMDB04083,-0.162083251,2725.866,2436.198
HMDB07892,-0.162048462,4308.359,3850.618
HMDB01491,-0.161335804,5800.691,5186.959
HMDB60367,-0.161335804,5800.691,5186.959
HMDB08086,-0.160748449,1633.293,1461.08
HMDB06547,-0.159352266,1724.231,1543.923
HMDB03337,-0.158039231,18544.46,16620.33
HMDB01178,-0.157129643,4134.935,3708.241
HMDB07877,-0.156941363,10456.929,9379.077
HMDB06865,-0.156617283,1379.388,1237.485
HMDB00195,-0.156488095,6876.424,6169.572
HMDB00124,-0.155859519,10768.97,9666.2
HMDB00638,-0.154447575,10310.858,9264.062
HMDB10165,-0.154274978,9176.082,8245.479
HMDB00288,-0.153398914,22595.84,20316.59
HMDB08026,-0.152946125,1399.589,1258.807
HMDB14440,-0.152753876,119425.8,107427.3
HMDB07962,-0.152746884,13824.67,12435.79
HMDB01339,-0.152597481,1341.706,1207.038
HMDB08819,-0.152345855,1931.71,1738.126
HMDB00058,-0.152175635,44736.35,40257.9
HMDB01534,-0.15159767,1388.011,1249.561
HMDB00999,-0.151584894,1634.956,1471.887
HMDB09244,-0.151331816,1388.285,1250.038
HMDB00538,-0.15107305,10893.584,9810.548
HMDB01373,-0.15047921,1824.948,1644.189
HMDB03553,-0.149727913,1440.106,1298.141
HMDB03337,-0.149504116,63099.64,56888.13
HMDB07890,-0.149345872,4846.828,4370.187
HMDB03533,-0.148673136,4678.337,4220.233
HMDB07887,-0.147871916,4397.339,3968.954
HMDB35030,-0.147222917,1783.008,1610.033
HMDB03966,-0.14661423,4656.989,4206.975
HMDB01383,-0.146130586,2182.228,1972.016
HMDB03357,-0.146011228,2946.237,2662.649
HMDB08321,-0.145491923,2642.31,2388.836
HMDB07894,-0.144924144,1531.603,1385.223
HMDB60464,-0.141430601,1429.07,1295.623
HMDB00098,-0.140904034,7191.163,6522.03
HMDB00696,-0.140904034,7191.163,6522.03
HMDB00968,-0.140790488,3946.688,3579.733
HMDB60656,-0.139469614,752.962,683.5787
HMDB03337,-0.139389245,16137.3,14651.11
HMDB08454,-0.139104966,2377.911,2159.339
HMDB00048,-0.138533729,2158.5,1960.872
HMDB08023,-0.13771765,11346.93,10313.86
HMDB00253,-0.137603537,545.288,495.682
HMDB14900,-0.136679009,1129.491,1027.397
HMDB00024,-0.135688665,2408.172,2192.003
HMDB00195,-0.135604596,543632.4,494862.2
HMDB01852,-0.135310855,1183.171,1077.246
HMDB34934,-0.135196255,1477.049,1344.921
HMDB00125,-0.134777358,3927419,3577134
HMDB06709,-0.134580892,940.9146,857.1115
HMDB60326,-0.13434486,2093.514,1907.366
HMDB08621,-0.133256461,3345.864,3050.662
HMDB08292,-0.133256461,3345.864,3050.662
HMDB00405,-0.13253418,3917.111,3573.297
HMDB03235,-0.132093491,1674.293,1527.803
HMDB07893,-0.131957112,1494.725,1364.075
HMDB00131,-0.130995727,4635.604,4233.238
HMDB02579,-0.130672454,2161.872,1974.666
HMDB01179,-0.130075693,2606.601,2381.869
HMDB00618,-0.130005404,42254.69,38613.52
HMDB12177,-0.129966159,1078.62,985.7
HMDB00285,-0.129618077,3790.875,3465.138
HMDB02190,-0.129542599,858.75,785.0016
HMDB02190,-0.129370183,2025.498,1851.772
HMDB03556,-0.129167061,2709.071,2477.064
HMDB00037,-0.129165607,2469.714,2258.208
HMDB03337,-0.128847367,4907.655,4488.354
HMDB07991,-0.128847136,11653.01,10657.4
HMDB03337,-0.128841065,9254.085,8463.47
HMDB10368,-0.128643912,868.1962,794.1311
HMDB07850,-0.128163202,5074.223,4642.892
HMDB01198,-0.127662424,1698.071,1554.267
HMDB06254,-0.127585191,10624.275,9725.061
HMDB06254,-0.126067303,3027.699,2774.359
HMDB00125,-0.125834801,376345.6,344910.8
HMDB00968,-0.125609654,5404.698,4954.036
HMDB00195,-0.125294401,56398.86,51707.43
HMDB01372,-0.125135184,2135.568,1958.141
HMDB07894,-0.124484785,1865.15,1710.961
HMDB00070,-0.124054254,629.7753,577.8852
HMDB10408,-0.123880782,933.894,857.0492
HMDB12315,-0.123195745,6557.402,6020.689
HMDB09508,-0.122958096,3850.562,3535.982
HMDB11118,-0.122676319,1420.696,1304.884
HMDB00097,-0.122124832,3174.014,2916.39
HMDB07890,-0.121685432,11314.34,10399.16
HMDB00077,-0.120733261,1538.28,1414.787
HMDB10397,-0.120440807,2007.617,1846.82
HMDB10401,-0.120077502,861.7326,792.9131
HMDB60520,-0.119430973,1336.21,1230.049
HMDB06953,-0.119391733,1736.597,1598.669
HMDB32208,-0.119043318,3121.312,2874.098
HMDB00288,-0.118502293,19895.36,18326.48
HMDB00641,-0.118215052,34088.5,31406.65
HMDB04952,-0.117853118,1007.5649,928.5295
HMDB09476,-0.117577901,9639.592,8885.138
HMDB00072,-0.117072175,35331.07,32577.26
HMDB00292,-0.117072175,35331.07,32577.26
HMDB60520,-0.116864711,1310.326,1208.369
HMDB00290,-0.116589167,156294.4,144160.6
HMDB06790,-0.116408999,12529.95,11558.64
HMDB06809,-0.116277056,3847.074,3549.177
HMDB01059,-0.116027313,2447.377,2258.256
HMDB01206,-0.115449251,3022.111,2789.695
HMDB00158,-0.115218123,5220.195,4819.507
HMDB01449,-0.114862506,954.9066,881.8279
HMDB00972,-0.114855655,1086.804,1003.636
HMDB08858,-0.114066425,989.7294,914.4902
HMDB04029,-0.113722245,1530.432,1414.426
HMDB61086,-0.113722245,1530.432,1414.426
HMDB05780,-0.113704991,53974.84,49884.17
HMDB07875,-0.113704991,53974.84,49884.17
HMDB00965,-0.11360277,1436.222,1327.467
HMDB00123,-0.113054528,14233.73,13160.91
HMDB04158,-0.112988059,1492.85,1380.395
HMDB10350,-0.112509547,2654.13,2455.011
HMDB04957,-0.112432029,1228.155,1136.077
HMDB07901,-0.112244941,1014.1123,938.2033
HMDB10395,-0.112076301,2975.63,2753.218
HMDB02815,-0.112076301,2975.63,2753.218
HMDB00279,-0.111912356,6251.005,5784.434
HMDB00263,-0.111818511,1619.152,1498.397
HMDB02092,-0.111818511,1619.152,1498.397
HMDB10319,-0.111636866,113094.3,104673
HMDB00125,-0.111636866,113094.3,104673
HMDB07889,-0.111506483,15816.16,14639.77
HMDB00714,-0.111240545,1832.597,1696.603
HMDB00714,-0.111088422,5518.324,5109.357
HMDB01866,-0.111036373,5051.465,4677.266
HMDB02012,-0.111033553,3013.479,2790.254
HMDB00077,-0.110814824,541.8291,501.7689
HMDB05383,-0.110693525,3355.256,3107.446
HMDB01134,-0.110061083,6962.476,6451.074
HMDB08951,-0.109202613,1127.975,1045.746
HMDB02829,-0.108316355,1320.573,1225.056
HMDB12458,-0.108316355,1320.573,1225.056
HMDB07879,-0.107969611,7823.473,7259.346
HMDB08257,-0.107326257,1789.419,1661.13
HMDB08850,-0.106264662,946.5839,879.3672
HMDB00263,-0.106182575,6577.584,6110.859
HMDB02579,-0.105828389,1652.566,1535.682
HMDB60520,-0.105819508,1349.503,1254.062
HMDB11747,-0.105260588,1670.381,1552.848
HMDB07851,-0.105190983,3526.288,3278.326
HMDB00510,-0.105045972,3146.002,2925.075
HMDB07949,-0.104718552,738904.5,687171.1
HMDB00190,-0.104690997,28366.81,26381.25
HMDB01155,-0.104406356,1255.465,1167.818
HMDB08090,-0.104216444,37366.09,34762.05
HMDB01190,-0.104191677,1558.215,1449.648
HMDB09707,-0.103445312,1879.856,1749.784
HMDB07949,-0.103346325,308686.7,287347.6
HMDB07886,-0.102878613,2049.593,1908.526
HMDB06558,-0.102507678,17798.17,16577.44
HMDB11676,-0.10249154,22244.64,20719.17
HMDB00126,-0.102395516,34920.98,32528.37
HMDB00538,-0.101869399,32071.33,29884.86
HMDB01000,-0.101666827,17588.67,16391.86
HMDB04158,-0.101652688,1472.046,1371.895
HMDB01206,-0.101445391,2099.002,1956.477
HMDB13035,-0.100755123,2187.747,2040.172
HMDB01346,-0.100297933,6954.918,6487.828
HMDB00290,-0.099957881,30223.14,28200.01
HMDB00190,-0.099801188,1017.8038,949.7754
HMDB01059,-0.099030014,2393.733,2234.934
HMDB04975,-0.098768326,2080.456,1942.792
HMDB05779,-0.098563357,11288.75,10543.27
HMDB01373,-0.098358643,8615.309,8047.518
HMDB01095,-0.098298821,3755.859,3508.475
HMDB00195,-0.097195264,12414.48,11605.66
HMDB02092,-0.0966193,1204.513,1126.487
HMDB10347,-0.09612324,2477.736,2318.03
HMDB00663,-0.095660893,2686.709,2514.339
HMDB06826,-0.094317551,1334.571,1250.113
HMDB01328,-0.094019139,12487.68,11699.82
HMDB08556,-0.093998097,3942.479,3693.798
HMDB10400,-0.093849527,859.144,805.0344
HMDB12108,-0.093434194,14227.64,13335.41
HMDB12108,-0.092271238,47941.27,44971.06
HMDB60511,-0.092244854,1076.56,1009.88
HMDB00024,-0.092142277,1884.718,1768.108
HMDB04957,-0.091119825,896.7437,841.8574
HMDB04086,-0.091066457,2412.12,2264.567
HMDB12084,-0.08989529,701.1614,658.8049
HMDB12108,-0.0897716,5719.718,5374.656
HMDB60669,-0.089739174,15929.56,14968.89
HMDB00054,-0.089590708,1226.56,1152.708
HMDB09045,-0.089441383,22010.07,20686.97
HMDB01155,-0.089388439,3233.165,3038.92
HMDB00496,-0.089374943,1877.09,1764.333
HMDB10408,-0.089249279,1247.628,1172.785
HMDB06211,-0.088798453,5082.282,4778.898
HMDB01373,-0.088467463,2828.492,2660.257
HMDB00763,-0.088358429,2324.13,2186.059
HMDB00517,-0.088358429,2324.13,2186.059
HMDB01494,-0.087875316,8582.956,8075.767
HMDB01870,-0.087875316,8582.956,8075.767
HMDB10401,-0.087820515,824.0807,775.4131
HMDB10401,-0.087090542,773.1994,727.9049
HMDB01120,-0.086738346,2777.307,2615.249
HMDB00045,-0.086617635,48463.26,45639.21
HMDB10169,-0.086403912,1363.782,1284.502
HMDB07897,-0.085233902,10210.342,9624.592
HMDB03939,-0.084834654,1312.877,1237.902
HMDB00030,-0.084782728,3518.903,3318.067
HMDB00089,-0.084782728,3518.903,3318.067
HMDB03974,-0.084603821,3944.991,3720.298
HMDB01054,-0.084008885,2874.386,2711.789
HMDB01201,-0.083924684,3324.486,3136.611
HMDB04259,-0.083233381,10051.785,9488.279
HMDB01423,-0.083171268,3755.932,3545.526
HMDB02206,-0.0830029,2585.465,2440.913
HMDB08288,-0.082755613,2178.424,2056.982
HMDB01062,-0.08260529,3662.044,3458.254
HMDB00972,-0.081768356,2043.801,1931.185
HMDB04586,-0.081578102,4397.104,4155.366
HMDB10379,-0.080840594,2190.081,2070.736
HMDB09311,-0.080628209,2048.084,1936.762
HMDB08029,-0.080534911,17020.96,16096.84
HMDB01491,-0.080398738,2038.326,1927.841
HMDB10319,-0.080085671,12592.75,11912.76
HMDB09511,-0.080036632,1219.426,1153.618
HMDB07851,-0.079775598,1741.903,1648.197
HMDB60666,-0.079493433,2892.682,2737.605
HMDB60483,-0.079392856,4088.422,3869.511
HMDB00510,-0.079392856,4088.422,3869.511
HMDB09147,-0.07829615,3065.592,2903.654
HMDB00363,-0.077578922,2195.522,2080.579
HMDB01273,-0.0774729,2723.256,2580.874
HMDB00208,-0.077389971,2226.951,2110.639
HMDB00033,-0.077153851,5358.323,5079.293
HMDB01067,-0.076967955,14689.72,13926.56
HMDB03259,-0.076945007,2760.446,2617.077
HMDB01439,-0.076597564,3169.65,3005.752
HMDB01314,-0.076597564,3169.65,3005.752
HMDB00833,-0.076387539,2959.813,2807.174
HMDB08836,-0.075717485,1282.557,1216.98
HMDB01487,-0.075645435,9033.837,8572.366
HMDB06865,-0.07539587,2107.119,1999.828
HMDB07851,-0.074840844,6315.275,5996.018
HMDB07868,-0.074615746,862.0396,818.5885
HMDB61086,-0.07378637,1783.552,1694.626
HMDB04029,-0.07378637,1783.552,1694.626
HMDB08647,-0.073730498,4139.967,3933.705
HMDB07894,-0.073651025,1795.989,1706.603
HMDB01397,-0.07362701,6291.035,5978.031
HMDB14440,-0.073556278,11453.63,10884.3
HMDB60521,-0.073492082,1503.43,1428.762
HMDB06865,-0.073345737,1587.272,1508.593
HMDB01337,-0.07327843,1472.831,1399.89
HMDB00122,-0.072704462,21598.85,20537.35
HMDB02829,-0.072374911,1272.908,1210.626
HMDB07930,-0.072287469,1221.188,1161.507
HMDB08753,-0.072184087,3221.332,3064.121
HMDB07955,-0.072184087,3221.332,3064.121
HMDB00241,-0.071280419,1415.704,1347.457
HMDB01090,-0.070640155,3771.758,3591.526
HMDB11118,-0.07055692,1677.866,1597.782
HMDB10347,-0.070540371,2228.495,2122.154
HMDB00010,-0.070540371,2228.495,2122.154
HMDB02127,-0.07033119,4730.934,4505.833
HMDB04949,-0.069701406,1032.1741,983.4918
HMDB00806,-0.069443756,127799.7,121793.8
HMDB13898,-0.069072175,4519.826,4308.528
HMDB00053,-0.069070512,2226.446,2122.364
HMDB01870,-0.069011145,5226.315,4982.2
HMDB02252,-0.068962315,1318.285,1256.752
HMDB60326,-0.06845375,2116.1,2018.039
HMDB01054,-0.0682997,1178.604,1124.107
HMDB10408,-0.068089574,859.9019,820.2607
HMDB07961,-0.067917181,1186.043,1131.502
HMDB01551,-0.067760356,859.2263,819.8033
HMDB15358,-0.067597102,1172.587,1118.913
HMDB10392,-0.066202287,823.2927,786.3672
HMDB00318,-0.066010546,1416.218,1352.879
HMDB00289,-0.065595374,134535.9,128555.9
HMDB03936,-0.065492139,991.0902,947.1049
HMDB00482,-0.065038678,11564.12,11054.37
HMDB60391,-0.064937758,858.7627,820.9656
HMDB09511,-0.064469674,873.6725,835.4902
HMDB04949,-0.064132664,1831.701,1752.059
HMDB12108,-0.063723747,3067.21,2934.68
HMDB12088,-0.063443199,4034.696,3861.113
HMDB00273,-0.063311408,137500.4,131596.8
HMDB00288,-0.062257723,14437.01,13827.25
HMDB00094,-0.062091071,2028.712,1943.252
HMDB00301,-0.061664165,936.5475,897.3607
HMDB01248,-0.061184212,3757.199,3601.189
HMDB06726,-0.061149321,695.2785,666.4246
HMDB60654,-0.061022662,1875.476,1797.802
HMDB12206,-0.06095096,2804.464,2688.449
HMDB02252,-0.060921003,1278.657,1225.787
HMDB01493,-0.060921003,1278.657,1225.787
HMDB00221,-0.060776828,2384.451,2286.087
HMDB00806,-0.060775585,19396.9,18596.75
HMDB01032,-0.060021157,3995.956,3833.121
HMDB00082,-0.059589254,4444.386,4264.554
HMDB00963,-0.05932056,10217.082,9805.497
HMDB01903,-0.058969078,2210.353,2121.828
HMDB10401,-0.058619128,1315.484,1263.105
HMDB04259,-0.058545693,3296.486,3165.39
HMDB00235,-0.058545693,3296.486,3165.39
HMDB01245,-0.058291844,30922.41,29697.9
HMDB10380,-0.058133481,1300.653,1249.285
HMDB01005,-0.057834353,1855.002,1782.11
HMDB06248,-0.057696218,14263.25,13704.09
HMDB09215,-0.057598681,3054.866,2935.305
HMDB08984,-0.057598681,3054.866,2935.305
HMDB00290,-0.057521737,54784.96,52643.6
HMDB00352,-0.057332467,1872.329,1799.382
HMDB07895,-0.057265136,685.1551,658.4918
HMDB00216,-0.057167489,3849.87,3700.3
HMDB15043,-0.056989956,3987.723,3833.269
HMDB12206,-0.05566984,8855.4,8520.202
HMDB12092,-0.055448421,3602.919,3467.072
HMDB04089,-0.054972269,1743.09,1677.921
HMDB01067,-0.054940361,10433.08,10043.24
HMDB01396,-0.054910344,1527.323,1470.284
HMDB29599,-0.054856867,1222.432,1176.823
HMDB00071,-0.054697957,2765.858,2662.957
HMDB08020,-0.054638427,20104.79,19357.61
HMDB00295,-0.054473707,15133.72,14572.95
HMDB02579,-0.054028193,2432.929,2343.502
HMDB04077,-0.053813557,5362.896,5166.541
HMDB00538,-0.053651731,19401.71,18693.44
HMDB00217,-0.053375133,1895.305,1826.466
HMDB60471,-0.052332153,1822.935,1757.995
HMDB00221,-0.051850827,1881.391,1814.974
HMDB00290,-0.051805811,12148.74,11720.23
HMDB08194,-0.051470977,2310.714,2229.728
HMDB00235,-0.051003793,5150.291,4971.393
HMDB04259,-0.051003793,5150.291,4971.393
HMDB01564,-0.050665224,19925.55,19237.94
HMDB01373,-0.050259116,4470.116,4317.072
HMDB10384,-0.050133083,24346.78,23515.27
HMDB01176,-0.050020418,1944.019,1877.772
HMDB03337,-0.050020418,1944.019,1877.772
HMDB00218,-0.050016547,6477.377,6256.662
HMDB10384,-0.049784243,7524.823,7269.587
HMDB01248,-0.049714746,4070.598,3932.716
HMDB00054,-0.049355557,1213.335,1172.528
HMDB11690,-0.049004811,9502.614,9185.254
HMDB01514,-0.049004811,9502.614,9185.254
HMDB60383,-0.048677728,1557.932,1506.243
HMDB01388,-0.047911406,17352.6,16785.79
HMDB00707,-0.047834305,5844.372,5653.772
HMDB00225,-0.047834305,5844.372,5653.772
HMDB00218,-0.047656859,6255.759,6052.487
HMDB60383,-0.047324158,1736.574,1680.534
HMDB00030,-0.047212492,43722.84,42315.16
HMDB01866,-0.047206993,7767.465,7517.416
HMDB59628,-0.047110253,2082.271,2015.374
HMDB09408,-0.047005189,14661.01,14191.03
HMDB01550,-0.046379976,1915.106,1854.518
HMDB11149,-0.046169525,755.4288,731.6361
HMDB59613,-0.046025094,2301.627,2229.359
HMDB00172,-0.046013721,66141.84,64065.58
HMDB08852,-0.045724749,1825.753,1768.795
HMDB00175,-0.045555782,12090.33,11714.52
HMDB01328,-0.045391182,4508.609,4368.964
HMDB60015,-0.045387262,6288.082,6093.338
HMDB09344,-0.045051884,2058.771,1995.474
HMDB00295,-0.044708528,8148.236,7899.598
HMDB10165,-0.043859848,29109.81,28238.15
HMDB01316,-0.043756924,3246.9,3149.9
HMDB01397,-0.043709281,10329.86,10021.59
HMDB08682,-0.04297153,8821.362,8562.487
HMDB01202,-0.042961974,6725.302,6527.982
HMDB08621,-0.042751281,7709.282,7484.185
HMDB12317,-0.042557933,13661.04,13263.94
HMDB02212,-0.042403452,29414.35,28562.39
HMDB01513,-0.042230276,2512.867,2440.377
HMDB01557,-0.042142792,9923.117,9637.444
HMDB03944,-0.042116396,1535.894,1491.705
HMDB01248,-0.041791628,3329.41,3234.348
HMDB00301,-0.041097569,242932.6,236109.9
HMDB01343,-0.041065628,1608.19,1563.059
HMDB03193,-0.040961563,1008.1693,979.9475
HMDB10384,-0.040908026,1859.889,1807.892
HMDB01018,-0.04081396,1893.62,1840.8
HMDB10393,-0.04069336,1077.541,1047.572
HMDB00296,-0.040574716,114155.1,110989.3
HMDB60431,-0.040419489,1568.672,1525.333
HMDB12085,-0.039994086,1052.117,1023.351
HMDB01358,-0.03989259,5519.782,5369.243
HMDB03213,-0.039848373,1027.3165,999.3295
HMDB00536,-0.039588478,2933.326,2853.928
HMDB00078,-0.039086993,6348.049,6178.37
HMDB07900,-0.038940574,3464.144,3371.892
HMDB01132,-0.038856109,2847.983,2772.302
HMDB10404,-0.038563174,2874.104,2798.297
HMDB01191,-0.037755437,3551.291,3459.559
HMDB00020,-0.037065869,2926.528,2852.297
HMDB01066,-0.036648242,1351.37,1317.474
HMDB07879,-0.036036979,2637.747,2572.675
HMDB08852,-0.035977266,741.8196,723.5492
HMDB00272,-0.035973181,31368.36,30595.87
HMDB00148,-0.035973181,31368.36,30595.87
HMDB04952,-0.035124919,3447.049,3364.138
HMDB00019,-0.035103971,7075.003,6904.93
HMDB08194,-0.035002238,4427.288,4321.167
HMDB00528,-0.034665415,4873.503,4757.797
HMDB01423,-0.034472812,6528.891,6374.734
HMDB01397,-0.034238519,73551.56,71826.56
HMDB00618,-0.033688559,2329.402,2275.638
HMDB03974,-0.033187577,2768.267,2705.313
HMDB00289,-0.033187577,2768.267,2705.313
HMDB01413,-0.032843415,1676.282,1638.552
HMDB10332,-0.032726608,950.2073,928.8951
HMDB01000,-0.032593762,3320.832,3246.648
HMDB60072,-0.03259305,1469.884,1437.049
HMDB01091,-0.032551892,2801.941,2739.428
HMDB06791,-0.032285434,1819.339,1779.077
HMDB02212,-0.032148069,6421.138,6279.636
HMDB00641,-0.031909934,659757.4,645324.9
HMDB00140,-0.030945078,1437.438,1406.934
HMDB03219,-0.030899262,3486.691,3412.808
HMDB00020,-0.030603215,3412.052,3340.436
HMDB00625,-0.030441926,15861.36,15530.18
HMDB00538,-0.030363282,1812.036,1774.298
HMDB01397,-0.029890377,18793.21,18407.85
HMDB00195,-0.029404104,3923.108,3843.959
HMDB01409,-0.02936448,6194.361,6069.556
HMDB01220,-0.029314855,9257.967,9071.748
HMDB60484,-0.02903675,3611.845,3539.877
HMDB01308,-0.028635332,2452.524,2404.325
HMDB06802,-0.028450764,1568.054,1537.434
HMDB07900,-0.028420211,2899.169,2842.616
HMDB00972,-0.028051541,1310.706,1285.467
HMDB00511,-0.02758658,343.8402,337.3279
HMDB00929,-0.027308374,1877.53,1842.325
HMDB12085,-0.027072962,1625.878,1595.652
HMDB08293,-0.027042127,1585.872,1556.423
HMDB00012,-0.026840247,5401.782,5302.215
HMDB04158,-0.026492813,1558.818,1530.454
HMDB11149,-0.026459339,1183.07,1161.57
HMDB60471,-0.02622494,1605.96,1577.031
HMDB07877,-0.02597076,5199.294,5106.536
HMDB07870,-0.02597076,5199.294,5106.536
HMDB01220,-0.025682265,1505.491,1478.928
HMDB01439,-0.025622794,2501.366,2457.333
HMDB00072,-0.024913939,2353.165,2312.877
HMDB59628,-0.024806547,2338.217,2298.356
HMDB11154,-0.024589157,2064.679,2029.787
HMDB00031,-0.023683876,882.2104,867.8459
HMDB60358,-0.02334508,2487.017,2447.097
HMDB04975,-0.023183933,3004.809,2956.908
HMDB08556,-0.023183933,3004.809,2956.908
HMDB00044,-0.023146708,3693.252,3634.47
HMDB60507,-0.022664646,6964.763,6856.202
HMDB10343,-0.022114309,1763.524,1736.698
HMDB02092,-0.021822422,2337.546,2302.454
HMDB59599,-0.021655449,5269.051,5190.551
HMDB10330,-0.021396603,2180.272,2148.175
HMDB00181,-0.021307462,4444.133,4378.979
HMDB00833,-0.020975705,17328.45,17078.33
HMDB01406,-0.020954193,25968.54,25594.09
HMDB60414,-0.020803475,2823.894,2783.466
HMDB00295,-0.020512143,4572.888,4508.331
HMDB10370,-0.019966906,397.6741,392.2082
HMDB02332,-0.019414712,4676.329,4613.82
HMDB02829,-0.019267538,1224.894,1208.644
HMDB10380,-0.019267538,1224.894,1208.644
HMDB00053,-0.019057761,2461.791,2429.485
HMDB06728,-0.019014287,1011.943,998.6934
HMDB08835,-0.018968912,1318.845,1301.618
HMDB00212,-0.018599267,12067.81,11913.23
HMDB00511,-0.018498578,15078.04,14885.94
HMDB00152,-0.018278544,2211.076,2183.239
HMDB00221,-0.017849785,4083.585,4033.372
HMDB10401,-0.017512293,769.9652,760.6754
HMDB60431,-0.017275556,2020.063,1996.018
HMDB04078,-0.01695765,3795.098,3750.751
HMDB01278,-0.01595044,1776.608,1757.074
HMDB03537,-0.015932192,4321.381,4273.921
HMDB01191,-0.015596699,2608.769,2580.718
HMDB02127,-0.015078503,6695.076,6625.466
HMDB11676,-0.015011254,3062.777,3031.074
HMDB04952,-0.014636934,1628.847,1612.405
HMDB60431,-0.014219966,1969.492,1950.175
HMDB02332,-0.014076599,22414.68,22197.04
HMDB08292,-0.013296835,2142.829,2123.17
HMDB03938,-0.012794364,1739.688,1724.328
HMDB11104,-0.012547171,3335.248,3306.367
HMDB00763,-0.012469218,1121.342,1111.692
HMDB03905,-0.012419625,6949.513,6889.944
HMDB59628,-0.011718032,1916.082,1900.582
HMDB01120,-0.011184936,4907.397,4869.498
HMDB07869,-0.011125228,1065.12,1056.938
HMDB00056,-0.010902824,10999.13,10916.32
HMDB00058,-0.010486979,16297.87,16179.83
HMDB00978,-0.010408376,4536.783,4504.17
HMDB04224,-0.010408376,4536.783,4504.17
HMDB10165,-0.010225233,12601.71,12512.71
HMDB00816,-0.010181876,12683.62,12594.42
HMDB00202,-0.010181876,12683.62,12594.42
HMDB01245,-0.010065096,6209.013,6165.846
HMDB09045,-0.010056764,225233.2,223668.6
HMDB01352,-0.009801741,1936.783,1923.669
HMDB01487,-0.009583579,3496.397,3473.248
HMDB01487,-0.009220945,1972.033,1959.469
HMDB04112,-0.009162112,2292.369,2277.857
HMDB04483,-0.009102066,1489.217,1479.851
HMDB00295,-0.008833514,7010.07,6967.279
HMDB06591,-0.008027732,3346.761,3328.19
HMDB01564,-0.007836583,3536.896,3517.736
HMDB60511,-0.00782934,830.0712,825.5787
HMDB04701,-0.007294486,1388.748,1381.744
HMDB01330,-0.007023108,2770.057,2756.605
HMDB04970,-0.0066368,2865.32,2852.169
HMDB07872,-0.006107686,1186.391,1181.379
HMDB00237,-0.006020309,1242.476,1237.302
HMDB01321,-0.006011333,18373.91,18297.51
HMDB00124,-0.005989455,9906.184,9865.143
HMDB01552,-0.005020997,1555.16,1549.757
HMDB01412,-0.004826196,2472.097,2463.841
HMDB00191,-0.00402134,8608.948,8584.985
HMDB01494,-0.003644273,11871.59,11841.64
HMDB00285,-0.003056272,4664.011,4654.141
HMDB01508,-0.002870171,7994.574,7978.685
HMDB13122,-0.002258042,724.8402,723.7066
HMDB13122,-0.001750955,724.9367,724.0574
HMDB10165,-0.001336419,26266.17,26241.85
HMDB01018,-0.001305297,5189.339,5184.646
HMDB01564,-0.001011087,6407.487,6402.998
HMDB00268,-0.001010794,11151.03,11143.22
HMDB09045,-0.000911778,105413.7,105347.1
HMDB01570,-0.000174748,9577.358,9576.198
HMDB04195,0.000240718,3182.172,3182.703
HMDB06821,0.001523139,2515.343,2518
HMDB01220,0.002158651,2318.712,2322.184
HMDB02190,0.002377975,7822.285,7835.189
HMDB01067,0.002440323,2819.956,2824.73
HMDB07900,0.003203567,1431.392,1434.574
HMDB60297,0.003247332,1418.736,1421.933
HMDB00286,0.003417447,25607.17,25667.9
HMDB01397,0.003497623,3758.484,3767.607
HMDB00905,0.003635321,8597.736,8619.428
HMDB00086,0.003688182,5350.187,5363.882
HMDB00929,0.003804794,9031.859,9055.71
HMDB01388,0.004073034,91005.21,91262.5
HMDB01067,0.004198145,2131.31,2137.521
HMDB00012,0.004257046,4861.736,4876.103
HMDB06878,0.004257046,4861.736,4876.103
HMDB00020,0.004423855,3071.549,3080.982
HMDB00064,0.004423855,3071.549,3080.982
HMDB15233,0.004961787,2313.384,2321.354
HMDB00050,0.00502807,4983.856,5001.256
HMDB00092,0.005087293,2255.647,2263.615
HMDB60483,0.0056366,4621.631,4639.723
HMDB01062,0.006092585,5121.234,5142.907
HMDB02212,0.00620845,1024.43,1028.848
HMDB59664,0.006352438,5255.975,5279.169
HMDB00641,0.00660668,119566.8,120115.6
HMDB13040,0.006798596,1911.275,1920.303
HMDB60274,0.006857791,3608.146,3625.338
HMDB03391,0.006910499,5914.422,5942.82
HMDB11676,0.006910499,5914.422,5942.82
HMDB07885,0.007014124,51370.04,51620.4
HMDB01487,0.00722832,11967.28,12027.39
HMDB01209,0.00755661,3598.533,3617.431
HMDB00045,0.007709911,1419638,1427245
HMDB00194,0.007805045,2533.225,2546.967
HMDB00045,0.008331992,28482.36,28647.33
HMDB06558,0.008331992,28482.36,28647.33
HMDB00299,0.008587603,10358.07,10419.91
HMDB06736,0.008649567,407.8703,410.323
HMDB00641,0.008803717,37306.43,37534.78
HMDB06816,0.00908876,638.856,642.8934
HMDB60509,0.009306143,41357.51,41625.15
HMDB08916,0.009353062,1288.57,1296.951
HMDB00005,0.009416794,6988.087,7033.849
HMDB14611,0.009560272,1049.682,1056.661
HMDB03213,0.009647008,1441.9,1451.574
HMDB00195,0.009750269,8771.525,8831.007
HMDB01276,0.009862439,897.1883,903.3426
HMDB00972,0.00992916,1190.106,1198.325
HMDB59599,0.010115669,1553.092,1564.02
HMDB01527,0.010122562,8208.521,8266.318
HMDB06406,0.010667989,2786.351,2807.031
HMDB08293,0.010717564,2168.172,2184.339
HMDB01274,0.010929932,1861.582,1875.739
HMDB01399,0.011096687,1281.78,1291.677
HMDB00031,0.011411019,1959.229,1974.787
HMDB01368,0.01152856,4452.448,4488.17
HMDB02127,0.012301006,7620.584,7685.838
HMDB11747,0.013040271,7701.16,7771.085
HMDB06791,0.013181334,3277.997,3308.084
HMDB59663,0.01335109,19838.18,20022.62
HMDB59620,0.01346564,14561.66,14698.21
HMDB01031,0.013900493,3286.525,3318.344
HMDB10328,0.013965635,5373.772,5426.044
HMDB60493,0.013965635,5373.772,5426.044
HMDB59664,0.01420452,3355.921,3389.126
HMDB03585,0.01420452,3355.921,3389.126
HMDB01423,0.014361456,16501.88,16666.97
HMDB00536,0.014399764,1868.084,1886.823
HMDB03288,0.01451264,1542.013,1557.603
HMDB00052,0.014539512,1638.369,1654.964
HMDB08653,0.014776611,7450.025,7526.723
HMDB07952,0.014776611,7450.025,7526.723
HMDB00177,0.014787098,12426.3,12554.32
HMDB09410,0.014865409,2668.003,2695.636
HMDB00833,0.014873866,4606.437,4654.174
HMDB60067,0.01501076,2216.946,2240.133
HMDB11117,0.01501076,2216.946,2240.133
HMDB01487,0.015173367,45464.44,45945.13
HMDB00156,0.015323982,4797.354,4848.582
HMDB01143,0.015492185,3021.611,3054.233
HMDB00045,0.015521705,150569.8,152198.5
HMDB14426,0.015601932,802.9984,811.7295
HMDB01096,0.015761168,6086.1,6152.954
HMDB06555,0.016088354,3965.13,4009.595
HMDB01355,0.016166933,3773.775,3816.302
HMDB10337,0.016502414,999.9763,1011.4803
HMDB01238,0.017349022,2433.125,2462.561
HMDB60477,0.017388601,3393.264,3434.41
HMDB00781,0.018039654,4207.464,4260.405
HMDB00301,0.018074404,52510.39,53172.39
HMDB00157,0.018186304,12609.6,12769.56
HMDB01527,0.018629538,5593093,5665785
HMDB01232,0.018629538,5593093,5665785
HMDB03193,0.018655338,1165.437,1180.605
HMDB01423,0.019013055,3363.845,3408.47
HMDB01191,0.019106107,3026.008,3066.349
HMDB59635,0.019323563,4523.302,4584.295
HMDB01232,0.01954586,316186.9,320499.8
HMDB60343,0.01984119,1476.978,1497.431
HMDB11690,0.020087814,10247.34,10391.02
HMDB01138,0.020129595,1122.09,1137.856
HMDB01316,0.020214304,2467.38,2502.195
HMDB01557,0.020427378,3601.429,3652.785
HMDB01517,0.020853873,2691.593,2730.782
HMDB02265,0.021055594,5222.068,5298.841
HMDB01511,0.021182583,2789.608,2830.869
HMDB01128,0.021182583,2789.608,2830.869
HMDB10716,0.021269916,3098.422,3144.441
HMDB01406,0.021395466,2099.698,2131.069
HMDB59620,0.021441757,2857.756,2900.546
HMDB60484,0.021649824,8087.011,8209.284
HMDB00201,0.021798435,3326.535,3377.179
HMDB10337,0.021800392,1216.633,1235.157
HMDB06343,0.022041002,4225.669,4290.723
HMDB00827,0.022299732,464124.4,471354.1
HMDB00827,0.022441218,49810.94,50591.81
HMDB00251,0.02245682,7647029,7766993
HMDB01555,0.022722402,10761.81,10932.65
HMDB06779,0.022791834,10363.27,10528.29
HMDB01473,0.022913686,5629.521,5719.646
HMDB01228,0.022944942,3989.616,4053.575
HMDB00881,0.022944942,3989.616,4053.575
HMDB01138,0.022944942,3989.616,4053.575
HMDB01487,0.023049382,5772.769,5865.739
HMDB01517,0.023245448,1748.443,1776.843
HMDB01527,0.023290185,192865.7,196004.5
HMDB04971,0.02346062,1201.005,1220.695
HMDB01265,0.023477669,26310.12,26741.78
HMDB04086,0.023595291,2002.367,2035.385
HMDB06796,0.023839215,8770.111,8916.233
HMDB00935,0.023927542,1610.717,1637.654
HMDB01396,0.024424124,1021.634,1039.077
HMDB01557,0.024439706,3694.845,3757.97
HMDB00097,0.025064349,67434.8,68616.6
HMDB01018,0.026196952,1857.761,1891.803
HMDB00118,0.026234995,4158.288,4234.597
HMDB06834,0.026320395,2068.29,2106.37
HMDB00833,0.026320395,2068.29,2106.37
HMDB00827,0.026685803,2892660,2946664
HMDB09610,0.026693214,161465.7,164481
HMDB01155,0.026722158,2015.513,2053.193
HMDB01409,0.026797219,5400.951,5502.208
HMDB14440,0.026943394,1987.935,2025.41
HMDB01128,0.027092034,5266.299,5366.128
HMDB00094,0.027346286,2646.873,2697.523
HMDB01368,0.027365505,139733.1,142408.9
HMDB00280,0.028015833,3903.335,3979.875
HMDB05175,0.028041612,8465.085,8631.23
HMDB60413,0.028060241,9834.494,10027.646
HMDB59635,0.028286646,2201.736,2245.331
HMDB00511,0.028318305,1811.361,1847.267
HMDB00224,0.028562218,4222.285,4306.71
HMDB06343,0.02858646,2204.851,2248.975
HMDB03288,0.028685065,4407.29,4495.797
HMDB60077,0.028735687,18619.38,18993.96
HMDB07894,0.029242497,48105.67,49090.69
HMDB01399,0.029480498,2092.612,2135.813
HMDB01557,0.029507449,2508.856,2560.698
HMDB09603,0.029604239,34056.4,34762.46
HMDB01330,0.029967904,1901.959,1941.88
HMDB00063,0.030220101,2307.361,2356.203
HMDB00177,0.030331452,170308.6,173927.1
HMDB06254,0.030399846,1227.604,1253.746
HMDB00071,0.030567887,3119.019,3185.81
HMDB08916,0.030716607,2289.097,2338.357
HMDB00209,0.03121133,3838.497,3922.444
HMDB00019,0.03121133,3838.497,3922.444
HMDB03219,0.031228497,3441.426,3516.731
HMDB00012,0.031228497,3441.426,3516.731
HMDB60367,0.031228497,3441.426,3516.731
HMDB00097,0.031338098,88.43987,90.38197
HMDB00118,0.031540173,13054.51,13343.05
HMDB60274,0.032693697,4085.729,4179.375
HMDB06555,0.032693697,4085.729,4179.375
HMDB01278,0.03282711,1899.859,1943.584
HMDB00187,0.033008812,8043.435,8229.59
HMDB01919,0.033147709,3991.829,4084.608
HMDB06254,0.033439818,1077.297,1102.559
HMDB00306,0.033509938,737.3323,754.659
HMDB60316,0.034189655,2565.644,2627.172
HMDB00244,0.034342277,4221.241,4322.93
HMDB01062,0.034534353,13804.07,14138.49
HMDB10383,0.034733795,2212.634,2266.551
HMDB01024,0.03480499,1519.063,1556.156
HMDB00788,0.034913729,3649.478,3738.874
HMDB01245,0.035366965,2713.291,2780.628
HMDB06731,0.035392519,566.4003,580.4672
HMDB00194,0.035412659,2451.396,2512.313
HMDB02092,0.035842099,1490.358,1527.848
HMDB00133,0.036030763,20711.69,21235.47
HMDB00061,0.036196082,18553.45,19024.83
HMDB06744,0.03634443,5066.549,5195.807
HMDB06591,0.036638978,2029.358,2081.556
HMDB04949,0.03665595,4125.245,4231.402
HMDB00208,0.036798105,9301.72,9542.026
HMDB00220,0.037559908,2813765,2887982
HMDB01372,0.037683757,1843.714,1892.507
HMDB06236,0.037912854,27139.58,27862.24
HMDB00225,0.038105764,99075.97,101727.72
HMDB00175,0.038378747,116009,119136.5
HMDB60072,0.039770426,1187.396,1220.584
HMDB06765,0.040081954,1006.878,1035.244
HMDB01066,0.040692647,1727.551,1776.972
HMDB01372,0.040813027,2069.432,2128.811
HMDB07937,0.041167905,2103.712,2164.607
HMDB00061,0.041637196,24450.15,25166.08
HMDB00296,0.041959617,10768.43,11086.22
HMDB60507,0.042244275,11390.43,11728.89
HMDB01413,0.043343912,8245.098,8496.57
HMDB00016,0.043374271,852.1535,878.1623
HMDB14477,0.043374271,852.1535,878.1623
HMDB03335,0.043556864,3027.728,3120.533
HMDB09573,0.043738201,8316.946,8572.952
HMDB01527,0.043953218,2943.796,3034.862
HMDB07892,0.043961174,25824.02,26623.03
HMDB00273,0.044560564,4219.614,4351.979
HMDB06224,0.044712707,1280.714,1321.028
HMDB02820,0.044968297,1408.695,1453.295
HMDB60077,0.045195689,2187.34,2256.948
HMDB04586,0.04545083,7216.326,7447.289
HMDB60507,0.045705791,20899.08,21571.78
HMDB00061,0.045768004,197973.9,204355.1
HMDB06880,0.045768004,197973.9,204355.1
HMDB04949,0.046104867,10305.3,10639.95
HMDB35030,0.04617769,1151.305,1188.752
HMDB03391,0.046696696,4803.203,4961.215
HMDB01270,0.047147034,5143.005,5313.854
HMDB00021,0.047286408,4919.791,5083.716
HMDB00064,0.047311075,5061.467,5230.202
HMDB10395,0.048142493,1768.198,1828.198
HMDB60507,0.048240348,140446.5,145222.1
HMDB07949,0.048547872,25290.58,26156.11
HMDB04078,0.048925751,1858.044,1922.136
HMDB00629,0.049559414,1316.411,1362.418
HMDB02281,0.049724096,2360.028,2442.787
HMDB00026,0.049942736,13687.04,14169.15
HMDB00637,0.050774989,1735.397,1797.561
HMDB12458,0.050774989,1735.397,1797.561
HMDB00797,0.051053177,4198.168,4349.39
HMDB41821,0.051683694,6867.389,7117.869
HMDB60509,0.051699885,17528.35,18167.88
HMDB04971,0.052074516,2014.956,2089.015
HMDB00821,0.052835264,2232.19,2315.454
HMDB04948,0.05335985,2052.033,2129.351
HMDB60309,0.053392075,6091.389,6321.046
HMDB00998,0.053507172,7054.522,7321.075
HMDB00208,0.053630043,89584.98,92977.84
HMDB02815,0.054627157,2422.581,2516.07
HMDB00158,0.055033755,10971.26,11397.86
HMDB00696,0.055916946,3216,3343.095
HMDB60651,0.056054505,2649.96,2754.948
HMDB01545,0.056163599,3971.829,4129.5
HMDB03681,0.056163599,3971.829,4129.5
HMDB01413,0.056526687,3968.34,4126.911
HMDB00045,0.056660914,94531.66,98318.2
HMDB04381,0.057309091,1313.989,1367.236
HMDB06880,0.057309091,1313.989,1367.236
HMDB60517,0.057472339,3281.422,3414.782
HMDB06878,0.057657569,2500.286,2602.234
HMDB60462,0.058047287,6261.247,6518.307
HMDB60383,0.058076192,2087.54,2173.289
HMDB01346,0.058164513,2273.585,2367.121
HMDB00286,0.058164513,2273.585,2367.121
HMDB00205,0.058187957,2717.967,2829.831
HMDB00227,0.058187957,2717.967,2829.831
HMDB00175,0.058374192,5472.318,5698.279
HMDB14426,0.058652555,1282.856,1336.085
HMDB01425,0.05902004,1792.571,1867.425
HMDB04083,0.060171939,1932.519,2014.825
HMDB00985,0.060171939,1932.519,2014.825
HMDB60421,0.060306007,3505.736,3655.385
HMDB60430,0.060822795,1529.361,1595.216
HMDB01273,0.060852266,2683.687,2799.305
HMDB59600,0.060935286,172783.7,180237.9
HMDB60666,0.060966203,1118.845,1167.139
HMDB00205,0.061232314,14493.76,15122.16
HMDB06880,0.061579429,1312.155,1369.375
HMDB04381,0.061579429,1312.155,1369.375
HMDB01487,0.061622496,18824.3,19645.77
HMDB00158,0.061949658,1349.09,1408.282
HMDB06802,0.063148913,1497.354,1564.351
HMDB01049,0.063954257,3379.799,3532.995
HMDB01508,0.063983406,4163.837,4352.659
HMDB01423,0.064124908,7924.756,8284.941
HMDB04096,0.064654229,2823.456,2952.867
HMDB00536,0.064726185,3302.742,3454.293
HMDB02820,0.064992008,3060.799,3201.838
HMDB00279,0.065032105,1857.196,1942.828
HMDB01016,0.065131553,2428.025,2540.152
HMDB00094,0.06527901,7785.424,8145.79
HMDB00216,0.065462185,2398.809,2510.162
HMDB02869,0.066113991,407.2911,426.3902
HMDB00133,0.066268645,11482.34,12022.07
HMDB01546,0.06638063,2395.676,2508.48
HMDB59600,0.066596081,7620.915,7980.949
HMDB00192,0.066972841,10679.89,11187.36
HMDB01195,0.066992459,1557.921,1631.97
HMDB03141,0.067055805,1362.307,1427.121
HMDB06755,0.067281571,2723.217,2853.225
HMDB00286,0.068512967,7224.655,7576.028
HMDB00496,0.069149221,1693.089,1776.216
HMDB00279,0.069780836,4686.299,4918.539
HMDB00061,0.070238978,65787.97,69070.17
HMDB00229,0.070477406,2548.133,2675.703
HMDB00056,0.070717832,812.8766,853.7148
HMDB11147,0.071185142,2114.242,2221.179
HMDB01491,0.071270622,2240.707,2354.18
HMDB00150,0.071729654,12655.38,13300.5
HMDB00828,0.071729654,12655.38,13300.5
HMDB00855,0.072179405,3571.092,3754.302
HMDB02281,0.072182405,4782.011,5027.356
HMDB01830,0.072224873,1338.826,1407.557
HMDB04086,0.072857335,2202.18,2316.248
HMDB00962,0.073799134,1681.674,1769.936
HMDB06875,0.073931766,2877.483,3028.785
HMDB01024,0.074297349,8989.438,9464.513
HMDB03224,0.074417398,2610.769,2748.972
HMDB00076,0.074479604,7412.486,7805.208
HMDB11750,0.074784352,2465.698,2596.882
HMDB00268,0.075453236,2553.378,2690.474
HMDB00965,0.075780983,1189.585,1253.741
HMDB00227,0.076611887,1676.006,1767.413
HMDB00001,0.076805237,3339.946,3522.574
HMDB00063,0.077169179,2302.478,2428.99
HMDB07995,0.077221783,2633.943,2778.769
HMDB00162,0.077492782,1596.28,1684.367
HMDB00118,0.077614361,2327.054,2455.674
HMDB00115,0.077904955,1151.968,1215.884
HMDB03134,0.078656263,1512.707,1597.47
HMDB00220,0.078735849,413814.8,437026.6
HMDB00725,0.079118444,2023.563,2137.636
HMDB60413,0.079377663,2010.089,2123.784
HMDB00134,0.079735489,1950.153,2060.969
HMDB08946,0.079799057,912153.1,964028
HMDB08946,0.079883046,384781.2,406687.7
HMDB60413,0.080552813,1465.524,1549.679
HMDB11155,0.080604345,989.5665,1046.4279
HMDB00988,0.080660937,2037.828,2155.008
HMDB00175,0.08102743,22178.4,23459.67
HMDB60413,0.08107258,5163.381,5461.846
HMDB00536,0.081532535,3913.024,4140.533
HMDB01511,0.08167496,2059.182,2179.121
HMDB01511,0.081924732,2062.634,2183.152
HMDB09113,0.082001859,9760.188,10331.02
HMDB02012,0.082426974,4635.589,4908.151
HMDB00121,0.082737072,775.4114,821.1803
HMDB60450,0.082914564,1101.434,1166.59
HMDB60509,0.082949132,5324.835,5639.964
HMDB59657,0.083188478,2851.96,3021.243
HMDB06236,0.0834208,1667.587,1766.854
HMDB29599,0.0834208,1667.587,1766.854
HMDB10323,0.083894102,1389.729,1472.939
HMDB00195,0.085225915,2468.981,2619.228
HMDB06880,0.085349991,1352.611,1435.046
HMDB07903,0.085443401,2047.652,2172.587
HMDB13466,0.085662458,2215.778,2351.328
HMDB60418,0.086239027,2052.141,2178.551
HMDB08023,0.086538899,22471.94,23861.15
HMDB00210,0.086874095,12003.9,12748.94
HMDB10716,0.08735692,2604.002,2766.549
HMDB00099,0.087798554,8172.722,8685.538
HMDB01238,0.0878478,2614.634,2778.79
HMDB07849,0.089652587,2041.788,2172.695
HMDB00518,0.089652587,2041.788,2172.695
HMDB01095,0.090527672,1299.345,1383.49
HMDB00094,0.090528112,69082.59,73556.37
HMDB01308,0.09058768,2517.644,2680.797
HMDB00286,0.091124858,21311.53,22701.05
HMDB01416,0.091482902,4355.869,4641.025
HMDB10404,0.091530201,1628.282,1734.934
HMDB01127,0.091640162,2903.207,3093.602
HMDB01120,0.091699514,21417.22,22822.72
HMDB03192,0.091890824,3759.035,4006.252
HMDB10379,0.091985763,1161.139,1237.584
HMDB60299,0.092742896,1841.203,1963.451
HMDB00068,0.093537734,1000.203,1067.2
HMDB06875,0.093881071,7703.307,8221.257
HMDB01511,0.094253782,2400.408,2562.467
HMDB00050,0.094681209,5378.418,5743.233
HMDB00286,0.094923745,121037,129268.6
HMDB12580,0.097104796,2341.063,2504.059
HMDB02869,0.098552522,752.5728,805.7787
HMDB01412,0.098665392,1970.093,2109.541
HMDB11118,0.099517013,1128.759,1209.369
HMDB01476,0.099776596,6595.272,7067.543
HMDB06236,0.100857799,14583.3,15639.29
HMDB29599,0.100857799,14583.3,15639.29
HMDB61086,0.100932144,979.1741,1050.1311
HMDB00121,0.102021285,1483.239,1591.925
HMDB03259,0.102865785,1390.036,1492.766
HMDB15233,0.103035651,2606.07,2799
HMDB01285,0.103191095,1478.595,1588.228
HMDB01319,0.103397811,1959.848,2105.466
HMDB01128,0.103397811,1959.848,2105.466
HMDB00224,0.104646708,23885.35,25682.27
HMDB00092,0.104646708,23885.35,25682.27
HMDB00904,0.105151449,5941.609,6390.838
HMDB00313,0.106381775,4010.456,4317.356
HMDB00988,0.10717962,1189.334,1281.056
HMDB60015,0.107324002,9683.267,10431.089
HMDB60414,0.107662297,1879.831,2025.482
HMDB60415,0.107662297,1879.831,2025.482
HMDB00286,0.108719402,10100.46,10891.03
HMDB01520,0.108851199,16387.56,17671.84
HMDB00202,0.1092423,33918.72,36586.82
HMDB60479,0.110747225,1999.565,2159.105
HMDB00725,0.110787892,953.5443,1029.6541
HMDB15571,0.111035333,2445.033,2640.643
HMDB00210,0.111035333,2445.033,2640.643
HMDB60471,0.111151602,2239.142,2418.475
HMDB00216,0.111386795,5162.413,5576.78
HMDB02065,0.111524021,4025.873,4349.428
HMDB00695,0.112127265,10579.71,11434.77
HMDB60396,0.113090466,3651.491,3949.243
HMDB60413,0.113575328,2365.403,2559.144
HMDB01000,0.114581647,3871.134,4191.126
HMDB01388,0.114918322,4320.997,4679.267
HMDB00781,0.115719066,21074.07,22834.07
HMDB00267,0.116070247,2875.109,3115.982
HMDB02434,0.116070247,2875.109,3115.982
HMDB00008,0.116354642,1216.872,1319.08
HMDB03536,0.119276425,2801.533,3042.997
HMDB10165,0.120154609,75237.88,81772.39
HMDB00625,0.12053872,18147.31,19728.68
HMDB01209,0.12053872,18147.31,19728.68
HMDB10165,0.121301356,163441.9,177778.3
HMDB01847,0.122430663,3838.006,4177.928
HMDB59612,0.122821913,1582.263,1722.867
HMDB01016,0.123166678,2455.723,2674.584
HMDB60652,0.123285966,879.1218,957.5508
HMDB00684,0.123285966,879.1218,957.5508
HMDB03099,0.124417593,1715.334,1869.83
HMDB00157,0.126624858,6794.658,7417.977
HMDB01397,0.127025715,1472.816,1608.374
HMDB60441,0.128341467,1311.207,1433.197
HMDB04063,0.128356339,940.4146,1027.918
HMDB00259,0.128356339,940.4146,1027.918
HMDB01330,0.130284772,7398.043,8097.23
HMDB01870,0.130778527,51632.63,56531.76
HMDB00134,0.131724578,3596.66,3940.51
HMDB00707,0.131761229,5396.881,5912.987
HMDB06709,0.132004091,1264.908,1386.105
HMDB00305,0.132079146,7138.245,7822.602
HMDB00305,0.132156921,1837.634,2013.92
HMDB00073,0.132251735,908.6519,995.8852
HMDB01024,0.132556154,2624.252,2876.795
HMDB06790,0.133254952,2132.777,2339.156
HMDB00214,0.133386116,688.7991,755.5197
HMDB01495,0.134100522,1705.972,1872.148
HMDB01016,0.134212039,1762.307,1934.12
HMDB00286,0.134301712,51722.48,56768.6
HMDB01416,0.134628906,14762.03,16205.91
HMDB06791,0.134804563,2033.191,2232.33
HMDB04031,0.134938573,1180.231,1295.948
HMDB00985,0.135551939,3460.853,3801.792
HMDB00510,0.136121423,864.1076,949.6082
HMDB00114,0.136308252,7235.897,7952.895
HMDB01049,0.136541255,5932.522,6521.423
HMDB60495,0.136706739,918.0538,1009.3016
HMDB00852,0.138148058,1819.984,2002.877
HMDB01138,0.138224841,4997.508,5500.008
HMDB00157,0.138482375,113904.6,125380.1
HMDB01419,0.13864185,1317.788,1450.711
HMDB00099,0.139035144,3626.171,3993.025
HMDB02092,0.139197665,2270.524,2500.511
HMDB07895,0.139973285,1708.166,1882.202
HMDB10343,0.140413926,1023.495,1128.118
HMDB13070,0.14156919,2350.62,2592.979
HMDB01016,0.142308591,5949.062,6565.8
HMDB33865,0.142308591,5949.062,6565.8
HMDB10328,0.142358605,2331.198,2572.962
HMDB00008,0.143567786,7591.842,8386.203
HMDB07963,0.144889968,29616.08,32744.91
HMDB00625,0.147030046,257026.8,284602.6
HMDB60496,0.147248659,1212.456,1342.741
HMDB00133,0.147456872,3685.573,4082.197
HMDB00816,0.147959809,7438.861,8242.269
HMDB00500,0.147959809,7438.861,8242.269
HMDB00191,0.148894256,43490.04,48218.25
HMDB00145,0.150487774,1968.017,2184.39
HMDB02281,0.151730363,2573.744,2859.175
HMDB60669,0.151796704,3811.309,4234.182
HMDB00518,0.152180919,3710.653,4123.456
HMDB00201,0.152452866,2893.774,3216.307
HMDB01138,0.153942799,5694.119,6335.311
HMDB00014,0.154077956,2169.856,2414.421
HMDB01139,0.154163506,1558.449,1734.205
HMDB12580,0.154163506,1558.449,1734.205
HMDB00222,0.155281875,1758.962,1958.849
HMDB00244,0.155604549,1210.783,1348.677
HMDB00145,0.155845992,1495.888,1666.531
HMDB00949,0.156444265,1927.782,2148.584
HMDB01409,0.157565328,3193.698,3562.261
HMDB06211,0.158365881,4376.813,4884.621
HMDB06878,0.158365881,4376.813,4884.621
HMDB02275,0.158854686,2055.79,2295.085
HMDB03533,0.159065871,1805.464,2015.916
HMDB04195,0.159178011,2824.5,3153.98
HMDB01167,0.159605379,20347.65,22727.95
HMDB00781,0.159988488,5863.271,6550.905
HMDB00148,0.160403506,67905.8,75891.5
HMDB00202,0.160546585,3542.81,3959.836
HMDB00895,0.161131168,503.3576,562.8361
HMDB00121,0.162126615,799.5364,894.6295
HMDB60396,0.164443697,3246.538,3638.505
HMDB09248,0.165855588,80289.38,90071.13
HMDB00016,0.167196912,596.4842,669.777
HMDB00210,0.169016067,85102.72,95680.26
HMDB01870,0.169971375,4711.445,5300.546
HMDB04995,0.17139925,1169.043,1316.518
HMDB00854,0.171494878,6119.057,6891.434
HMDB60485,0.171827484,3298.886,3716.144
HMDB00827,0.172731957,11824.11,13328.03
HMDB13866,0.172772532,3164.774,3567.405
HMDB60669,0.173002379,3162.84,3565.793
HMDB00191,0.174269229,16062.83,18125.18
HMDB00050,0.174758921,3641.578,4110.525
HMDB60383,0.175223396,1128.983,1274.779
HMDB59612,0.175499755,1327.473,1499.189
HMDB00181,0.177828387,1153.134,1304.402
HMDB60669,0.177858155,4019.131,4546.454
HMDB10716,0.177883245,5810.022,6572.43
HMDB01139,0.177914233,799.7991,904.7705
HMDB01389,0.178130004,1520.807,1720.666
HMDB01138,0.178137049,58427.46,66106.11
HMDB04662,0.178182518,3772.456,4268.374
HMDB00119,0.178412754,1757.636,1989.008
HMDB10328,0.178799213,1734.316,1963.144
HMDB04610,0.179326634,567.5491,642.6672
HMDB00259,0.180242993,1597.967,1810.616
HMDB00181,0.180482636,4379.252,4962.844
HMDB00962,0.183703934,2532.244,2876.113
HMDB00929,0.183716613,7222.03,8202.826
HMDB00237,0.185036531,13136.98,14934.72
HMDB03134,0.185719986,1346.608,1531.611
HMDB00695,0.185992814,1827.891,2079.408
HMDB00156,0.186753429,5609.5,6384.73
HMDB01851,0.186842521,3421.818,3894.952
HMDB00244,0.186894012,1192.282,1357.187
HMDB01545,0.18900284,1774.296,2022.654
HMDB01490,0.189895228,1571.628,1792.726
HMDB01565,0.189895228,1571.628,1792.726
HMDB03134,0.19020073,2089.809,2384.31
HMDB00629,0.190205781,827.1535,943.7213
HMDB00016,0.191625633,1839.495,2100.795
HMDB14477,0.191625633,1839.495,2100.795
HMDB07991,0.192466182,28852.24,32969.9
HMDB00637,0.193595894,1549.245,1771.733
HMDB00306,0.199883557,2235.837,2568.095
HMDB00043,0.199883557,2235.837,2568.095
HMDB01185,0.200438871,901.2294,1035.5557
HMDB01355,0.200978486,3705.964,4259.923
HMDB00076,0.201855983,753.7642,866.9623
HMDB00156,0.201991797,18408.78,21175.35
HMDB00020,0.202257383,17085.11,19656.37
HMDB10328,0.203468206,1412.938,1626.946
HMDB02265,0.203914654,3419.508,3938.656
HMDB00068,0.205024202,1861.378,2145.621
HMDB01139,0.205467983,5139.549,5926.21
HMDB01389,0.205473751,991.9209,1143.7492
HMDB01123,0.206947542,4615.269,5327.144
HMDB03229,0.208181043,638.1835,737.2492
HMDB00158,0.209400716,9733.739,11254.225
HMDB00068,0.210608025,8636.859,9994.364
HMDB06454,0.210672984,4129.573,4778.857
HMDB00202,0.210831821,10850.35,12557.71
HMDB00725,0.211886642,7007.335,8115.908
HMDB04950,0.212118611,911.9003,1056.3344
HMDB00118,0.212246998,1010.372,1170.507
HMDB00929,0.214128881,9252.098,10732.464
HMDB60655,0.215765006,1002.005,1163.648
HMDB00138,0.219361321,8729.642,10163.207
HMDB60413,0.220979168,5397.888,6291.37
HMDB03357,0.221483445,1305.741,1522.405
HMDB00226,0.221492716,8469.451,9874.866
HMDB10331,0.222045447,1047.329,1221.59
HMDB01419,0.222045447,1047.329,1221.59
HMDB00235,0.222754752,1783.011,2080.702
HMDB33699,0.222754752,1783.011,2080.702
HMDB09248,0.226626586,10214.6,11952.06
HMDB00156,0.228746827,395362.2,463292
HMDB02190,0.229228279,2042.742,2394.518
HMDB10395,0.231417791,2867.788,3366.749
HMDB01032,0.231431402,1069.074,1255.092
HMDB00673,0.231881007,1122392,1318098
HMDB06752,0.231984348,610.0411,716.4623
HMDB00092,0.232759174,2189.717,2573.093
HMDB10350,0.233936072,2110.934,2482.541
HMDB04948,0.235001615,924.1456,1087.6344
HMDB00092,0.236865023,1300.264,1532.269
HMDB59663,0.237052545,60625.93,71452.65
HMDB01190,0.23751775,5015.818,5913.461
HMDB04951,0.237904272,1091.872,1287.621
HMDB04948,0.238355443,1282.28,1512.638
HMDB00191,0.239165197,5297.78,6253.02
HMDB00252,0.239293232,719.3196,849.0951
HMDB00158,0.240487294,2315.388,2735.38
HMDB00510,0.240487294,2315.388,2735.38
HMDB00107,0.241426922,24148.76,28547.73
HMDB02190,0.244544615,8770.674,10390.782
HMDB15571,0.247268126,2717.919,3226.054
HMDB00821,0.247316826,3688.628,4378.392
HMDB60367,0.247480983,2526.616,2999.428
HMDB01138,0.247480983,2526.616,2999.428
HMDB00262,0.24826797,1619.217,1923.274
HMDB01991,0.249157102,3736.59,4440.984
HMDB00202,0.249996049,226992.2,269940
HMDB07858,0.250983487,2758.506,3282.672
HMDB15084,0.252928945,1635.579,1948.995
HMDB00985,0.254261802,1383.451,1650.077
HMDB11631,0.254981671,2501.715,2985.348
HMDB01016,0.257561702,2113.815,2526.974
HMDB00510,0.261164722,13105.54,15706.28
HMDB01139,0.263737553,1390.418,1669.315
HMDB00292,0.266150386,210699.1,253385.6
HMDB15571,0.267731721,2936.309,3535.062
HMDB60493,0.268934771,1455.437,1753.682
HMDB02092,0.272439647,19487.26,23537.66
HMDB01993,0.272697195,2159.405,2608.7
HMDB00195,0.273498408,1976.062,2388.536
HMDB01457,0.275449857,1898.019,2297.308
HMDB04096,0.275887572,3146.555,3809.656
HMDB10362,0.276417692,2204.119,2669.593
HMDB00237,0.276996239,389.4288,471.859
HMDB00226,0.280573804,1428.065,1734.639
HMDB06839,0.281550889,410.9984,499.5689
HMDB00618,0.284295699,7295.46,8884.525
HMDB60510,0.284991299,977.3006,1190.7459
HMDB00812,0.286519975,2996.687,3655.043
HMDB06591,0.288970313,1595.997,1949.938
HMDB00012,0.289068491,1893.991,2314.175
HMDB00134,0.291889912,6472.301,7923.669
HMDB00517,0.293533209,679.9415,833.3623
HMDB15084,0.295002936,3236.362,3970.652
HMDB11603,0.296785873,7675.991,9429.223
HMDB13593,0.297342321,3108.579,3820.066
HMDB00996,0.297342321,3108.579,3820.066
HMDB12580,0.298148525,2998.487,3686.836
HMDB01085,0.298646755,5122.563,6300.702
HMDB59657,0.30041359,902.9937,1112.0344
HMDB07849,0.300469922,1129.277,1390.756
HMDB33699,0.302451201,3031.552,3738.625
HMDB00245,0.302451201,3031.552,3738.625
HMDB00267,0.304430619,10049.71,12410.7
HMDB32208,0.305280972,961.2722,1187.8049
HMDB06893,0.305715191,635.8307,785.9066
HMDB00243,0.312070591,16366.76,20319.14
HMDB00227,0.312445038,16781.86,20839.89
HMDB60442,0.314763864,2724.951,3389.316
HMDB03357,0.31609803,7626.845,9495.108
HMDB00044,0.318170801,6041825,7532638
HMDB00134,0.320079847,142702.3,178149.5
HMDB00978,0.320607726,2029.752,2534.869
HMDB60409,0.320797818,833.4383,1040.982
HMDB03871,0.321090672,2663.5,3327.443
HMDB00086,0.321130728,10460.78,13068.75
HMDB00684,0.322284813,1814.884,2269.166
HMDB03871,0.322423309,12099.67,15129.78
HMDB00044,0.323043983,71214.6,89087.13
HMDB00214,0.325059089,30500.83,38208.87
HMDB00812,0.325598289,8820.584,11053.815
HMDB01228,0.328447534,3852.329,4837.221
HMDB00022,0.32867836,674.3782,846.9262
HMDB01123,0.330003415,4921.006,6185.785
HMDB06454,0.330003415,4921.006,6185.785
HMDB04083,0.332544993,5702.188,7180.382
HMDB10331,0.332786786,872.6725,1099.082
HMDB60652,0.335617153,1578.717,1992.21
HMDB00098,0.336440847,3126.454,3947.579
HMDB01231,0.346993535,1107.918,1409.169
HMDB00252,0.347096703,2310.489,2938.938
HMDB04701,0.348648154,3881.315,4942.338
HMDB00273,0.350466037,2408.267,3070.474
HMDB07925,0.352146032,43191.81,55132.53
HMDB60437,0.355470205,2323.272,2972.4
HMDB00518,0.355941845,1067.551,1366.274
HMDB08916,0.356164042,2850.128,3648.215
HMDB06406,0.357162665,4342.611,5562.469
HMDB00017,0.360805358,1741.837,2236.767
HMDB00227,0.362440604,785.9589,1010.4279
HMDB07901,0.363369432,1886.527,2426.879
HMDB00222,0.365245564,1849.991,2382.975
HMDB10343,0.366365717,1860.133,2397.9
HMDB02265,0.368004024,1299.016,1676.466
HMDB00139,0.368418237,1105.897,1427.643
HMDB01488,0.370769379,4577.924,5919.449
HMDB06755,0.371675982,1110.551,1436.892
HMDB00699,0.374921137,1274.737,1653.039
HMDB00267,0.375122591,172268.2,223423.2
HMDB10395,0.378741634,6511.571,8466.392
HMDB33865,0.378828719,1469.044,1910.177
HMDB02265,0.381624915,1306.407,1701.998
HMDB00300,0.382108781,1664.134,2168.775
HMDB00044,0.387404017,336744.6,440474.6
HMDB10404,0.388595548,3812.119,4990.515
HMDB13287,0.389923031,943.8528,1236.7525
HMDB00158,0.391967756,72326.16,94905.08
HMDB00214,0.398322616,748.7358,986.8148
HMDB60485,0.402820231,1717.766,2271.041
HMDB00043,0.4064508,5159.484,6838.489
HMDB00167,0.409935179,13264.74,17623.88
HMDB01495,0.415027997,1214.639,1619.508
HMDB03219,0.415668433,1579.125,2106.421
HMDB04701,0.419203506,18337.01,24520.05
HMDB01085,0.419301724,1240.411,1658.777
HMDB10362,0.427138117,2941.427,3954.936
HMDB00148,0.428554434,166828.6,224532
HMDB00996,0.43223412,6163.377,8316.377
HMDB00071,0.440888077,1132.759,1537.652
HMDB01431,0.445261287,1732.622,2359.07
HMDB60437,0.445361685,873.7532,1189.7508
HMDB03259,0.44560198,4087.241,5566.341
HMDB00114,0.446116861,8838.547,12041.357
HMDB00159,0.450056672,1106.421,1511.475
HMDB00030,0.450525879,4816.37,6581.754
HMDB00089,0.450525879,4816.37,6581.754
HMDB11631,0.450525879,4816.37,6581.754
HMDB01903,0.452137147,953.7089,1304.7361
HMDB13858,0.457853685,4504.112,6186.384
HMDB00300,0.458215137,31985.81,43943.42
HMDB00988,0.462369479,2417.753,3331.187
HMDB00033,0.465083116,2096.513,2894.02
HMDB00197,0.471726713,2017.239,2797.443
HMDB00030,0.477177462,3875.155,5394.284
HMDB04950,0.481163827,1330.078,1856.615
HMDB10370,0.481618434,688.3956,961.2131
HMDB00253,0.484229138,926.2991,1295.7426
HMDB04701,0.484229138,926.2991,1295.7426
HMDB01449,0.488815846,873.0696,1225.1721
HMDB00262,0.499962658,9051.025,12799.751
HMDB00043,0.502287104,85122.87,120572.91
HMDB01014,0.504404523,3419.804,4851.121
HMDB00019,0.507459338,9136.481,12987.915
HMDB04193,0.517493694,4262.384,6101.459
HMDB02064,0.533907887,789.9209,1143.6836
HMDB33865,0.534133022,2770.733,4012.22
HMDB60441,0.534133022,2770.733,4012.22
HMDB00089,0.546264057,20273.68,29605.64
HMDB00030,0.546264057,20273.68,29605.64
HMDB01551,0.546383091,541.9383,791.4574
HMDB12458,0.550025159,1079.293,1580.205
HMDB14440,0.550993393,1803.581,2642.416
HMDB60479,0.553392657,1140.286,1673.407
HMDB00070,0.555361778,2748.392,4038.864
HMDB00929,0.558837653,41051.39,60472.06
HMDB09710,0.56233026,47437.21,70048.27
HMDB07883,0.56233026,47437.21,70048.27
HMDB02925,0.573157087,2522.813,3753.38
HMDB00182,0.573775396,72481,107881.7
HMDB00182,0.573966681,5139.245,7650.336
HMDB00172,0.578278429,21181.24,31625
HMDB04081,0.596253954,1410.527,2132.415
HMDB00159,0.596824967,12075.58,18262.92
HMDB03681,0.596824967,12075.58,18262.92
HMDB00162,0.597667025,3238.97,4901.428
HMDB00017,0.603445635,10905.63,16569.37
HMDB00067,0.605174099,461.6013,702.1705
HMDB00673,0.605596533,203547,309718.7
HMDB00067,0.614423877,397.4794,608.5197
HMDB03229,0.614548685,34699.04,53126.97
HMDB00159,0.627778907,110027.2,170012.3
HMDB00172,0.636392745,284160.9,441710.4
HMDB03654,0.638351042,1054.748,1641.767
HMDB12843,0.638390189,636.5538,990.8541
HMDB04950,0.638562111,2277.286,3545.226
HMDB00245,0.647207645,1033.644,1618.825
HMDB03229,0.676596556,209957.6,335588.8
HMDB01533,0.694187855,1067.847,1727.748
HMDB00114,0.701969083,85210.06,138613.21
HMDB00821,0.701969083,85210.06,138613.21
HMDB01552,0.702809609,1371.112,2231.72
HMDB12085,0.703272612,921.2611,1499.9918
HMDB06790,0.708653823,4265.133,6970.415
HMDB01389,0.71275021,3076.899,5042.808
HMDB00619,0.712789685,1292.611,2118.551
HMDB02925,0.718721306,10941.6,18006.84
HMDB03822,0.721919521,752.0712,1240.4475
HMDB00162,0.727799008,51488.47,85270.6
HMDB60496,0.730319352,4271.85,7087.026
HMDB11603,0.73076032,1371.364,2275.797
HMDB00086,0.737080018,13414.75,22359.69
HMDB00854,0.76557288,5561.343,9454.533
HMDB01553,0.773387234,3872.386,6618.985
HMDB00245,0.779096733,2519.924,4324.331
HMDB00033,0.779168908,646.2389,1109.0377
HMDB04076,0.794411222,1208.848,2096.589
HMDB08248,0.811889064,71950.22,126309.23
HMDB00696,0.830942393,9979.103,17751.297
HMDB00641,0.840213319,3238.15,5797.308
HMDB00207,0.849767003,1235744,2227070
HMDB00363,0.859481006,496.6519,901.118
HMDB11676,0.866957665,1696.003,3093.192
HMDB03654,0.885592852,6862.508,12678.646
HMDB00182,0.886577527,669.1377,1237.0918
HMDB00053,0.890752667,950.3307,1762.0492
HMDB12458,0.956075868,1647.076,3195.37
HMDB03896,1.016335856,3497.343,7074.338
HMDB05175,1.022871196,1497.112,3042.07
HMDB03464,1.022871196,1497.112,3042.07
HMDB00032,1.022891089,1344.176,2731.348
HMDB06280,1.034811919,597.4509,1224.0852
HMDB11676,1.04813134,23614.1,48830.41
HMDB00252,1.113274278,1654.975,3580.308
HMDB02925,1.135260901,34409.16,75582.57
HMDB01043,1.145132971,265610.1,587440.6
HMDB00245,1.170028951,2288.372,5149.208
HMDB14467,1.172071684,9130.354,20573.887
HMDB02183,1.207270993,35662.23,82344.25
HMDB00014,1.221979374,2783.665,6493.359
HMDB01043,1.225113284,52844.8,123537.3
HMDB02183,1.273013752,162579.1,392898.2
HMDB12843,1.288929436,4562.487,11148.285
HMDB00207,1.306363345,224971.9,556394.5
HMDB05175,1.73726874,8836.207,29460.213
HMDB01993,1.822994446,1282.383,4537.261
HMDB00201,1.909365794,7663.671,28788.115
HMDB01533,1.953693952,1436.544,5564.67
HMDB00222,1.969439097,1149.19,4500.41
HMDB00306,2.156085813,1744.413,7774.918
HMDB00043,2.156085813,1744.413,7774.918
HMDB01903,2.473231302,1207.571,6705.474
